{ "totalCPUTime": 10107.066001057625,
  "totalDomains": 57,
  "totalOffendersDomains": 16,
  "cpuTimePerDomain":
   {"www.vogue.fr": 1311.3899983167648,
    "z.moatads.com": 865.9109991788864,
    "pagead2.googlesyndication.com": 835.7820024490356,
    "securepubads.g.doubleclick.net": 788.8580001592636,
    "j.adlooxtracking.com": 711.5819996595383,
    "data05.adlooxtracking.com": 565.7760000228882,
    "tpc.googlesyndication.com": 559.5210016965866,
    "cdns.gigya.com": 556.9990003108978,
    "s372.mxcdn.net": 542.1320005655289,
    "cdn.adnxs.com": 435.7939997911453,
    "cdn.audiencesquare.com": 431.038999915123,
    "code.createjs.com": 330.8369996547699,
    "connect.facebook.net": 283.83899974823,
    "ct1.addthis.com": 257.5369999408722,
    "s0.2mdn.net": 220.1320000886917,
    "adyoulike.omnitagjs.com": 172.78199970722198 } }
