{ "totalCPUTime": 18783.098000094295,
    "totalDomains": 51,
    "totalOffendersDomains": 20,
    "cpuTimePerDomain":
     { "cdn.taboola.com": 3756.774000287056,
       "votreargent.lexpress.fr.running.cloud.ger.systems": 3712.0569999367,
       "cdn.teads.tv": 2898.4009999632835,
       "pagead2.googlesyndication.com": 1744.121000096202,
       "acdn.adnxs.com": 729.0930000245571,
       "tpc.googlesyndication.com": 665.8419999629259,
       "cdn.adnxs.com": 572.7570000141859,
       "s.skimresources.com": 542.8169998824596,
       "cas.nl.eu.criteo.com": 495.8839999437332,
       "www.google-analytics.com": 450.12000001966953,
       "static.lexpress.fr": 394.9170000106096,
       "www6.smartadserver.com": 379.9199999421835,
       "ajax.googleapis.com": 306.852000027895,
       "cstatic.weborama.fr": 282.5810000449419,
       "dmp.theadex.com": 185.69399999082088,
       "foglio.basilic.io": 184.6860000193119,
       "ib.adnxs.com": 178.52600000798702,
       "ak-ns.sascdn.com": 167.54000002145767,
       "s3.amazonaws.com": 166.26500004529953,
       "js.moatads.com": 164.74399998784065 } }
